<keymap version="1" name="Windows copy" parent="$default">
  <action id="AddToFavorites">
    <keyboard-shortcut first-keystroke="alt f" />
  </action>
  <action id="CloseActiveTab" />
  <action id="CloseAllEditors">
    <keyboard-shortcut first-keystroke="shift ctrl alt 4" />
  </action>
  <action id="CloseAllEditorsButActive">
    <keyboard-shortcut first-keystroke="ctrl alt 4" />
  </action>
  <action id="CloseProject">
    <keyboard-shortcut first-keystroke="shift ctrl alt f4" />
  </action>
  <action id="ConsoleView.ClearAll">
    <keyboard-shortcut first-keystroke="shift ctrl alt delete" />
  </action>
  <action id="HideAllWindows">
    <keyboard-shortcut first-keystroke="shift f12" />
  </action>
  <action id="InvalidateCaches">
    <keyboard-shortcut first-keystroke="shift ctrl alt r" />
  </action>
  <action id="MavenHelper.QuickRunRootMavenGoal" />
  <action id="RestoreDefaultLayout" />
  <action id="RevealIn">
    <keyboard-shortcut first-keystroke="ctrl alt back_quote" />
  </action>
  <action id="ToggleBreakpointEnabled">
    <keyboard-shortcut first-keystroke="alt e" />
  </action>
  <action id="ToggleFullScreen">
    <keyboard-shortcut first-keystroke="shift ctrl alt z" />
  </action>
  <action id="VimPluginToggle">
    <keyboard-shortcut first-keystroke="alt v" />
  </action>
</keymap>