<application>
  <component name="CodeInsightSettings">
    <option name="ADD_IMPORTS_ON_PASTE" value="3" />
    <option name="ADD_UNAMBIGIOUS_IMPORTS_ON_THE_FLY" value="true" />
  </component>
  <component name="DefaultFont">
    <option name="FONT_SIZE" value="12" />
  </component>
  <component name="InlayHintsSettings">
    <option name="lastViewedProviderKeyId" value="parameter.hints.old" />
  </component>
  <component name="TodoConfiguration">
    <pattern pattern="\btodo\b.*" />
    <pattern pattern="\bfixme\b.*" />
    <pattern icon="important" useCustomColors="true" pattern="\bsource_mvc">
      <option name="FOREGROUND" value="bf0c9f" />
      <option name="FONT_TYPE" value="3" />
      <option name="ERROR_STRIPE_COLOR" value="54aae3" />
    </pattern>
  </component>
</application>