<application>
  <component name="FileTypeManager" version="18">
    <extensionMap>
      <mapping pattern="readme" type="AUTO_DETECTED" />
      <mapping pattern="me_readme" type="AUTO_DETECTED" />
      <mapping pattern="my_readme" type="AUTO_DETECTED" />
      <mapping pattern="lua1" type="AUTO_DETECTED" />
      <mapping pattern="source_read" type="AUTO_DETECTED" />
      <mapping pattern="1_resource" type="AUTO_DETECTED" />
      <mapping ext="gradle.kts" type="Kotlin" />
      <mapping ext="main.kts" type="Kotlin" />
      <mapping ext="lua1" type="PLAIN_TEXT" />
      <removed_mapping ext="apk" approved="true" type="ARCHIVE" />
      <removed_mapping ext="psd" approved="true" type="Image" />
    </extensionMap>
  </component>
</application>